acc,lav,f1,Accuracy,Predict_ms,DBSCAN_ms,Total_ms,GFLOPS
0.922793,0.998732,0.831932,0.923256,3457.93,1712.97,5300.69,3.75455
